Workbook

Sheet How to use
A1: Licensing readiness checklist
A3: 1. Work through the Checklist sheet for your service, or copy the sheet once per scheme.
A4: 2. Set the status of each item: Yes, Partly, No or Not sure. Treat Not sure as a gap, because a reviewer will.
A5: 3. For every Yes, write where the evidence is kept. A yes with no evidence is a partly.
A6: 4. Give every gap an owner and a due date. Start with anything that affects resident safety.
A7: 5. The Summary sheet scores each area out of 100. Repeat the check every six months.
A8: The items follow what councils test in Housing Benefit reviews and what the April 2026 government response says licensing will test from 2027.
A11: Free template from exemptaccommodation.com. Guidance covers England and is general information, not legal advice.

Sheet Checklist
A1: Licensing readiness checklist
A2: Status: Yes, Partly, No or Not sure. Every gap needs an owner and a date.
A4: Area | B4: Ref | C4: Item | D4: Status | E4: Where the evidence is | F4: Owner | G4: Due date | H4: Notes
A5: Structure and eligibility | B5: S1 | C5: For every scheme, can you show the landlord's legal status, such as a registered provider number, charity number, or constitution and accounts?
A6: Structure and eligibility | B6: S2 | C6: Where another organisation delivers support, is there a written agreement showing it acts on the landlord's behalf?
A7: Structure and eligibility | B7: S3 | C7: Could you show a council, for any resident you pick, that their support is more than minimal?
A8: Needs assessment and planning | B8: P1 | C8: Does every resident have a needs assessment completed on arrival or within four weeks?
A9: Needs assessment and planning | B9: P2 | C9: Does every resident have a support plan with goals in their own words?
A10: Needs assessment and planning | B10: P3 | C10: Are support plans reviewed at least every three months, and after significant changes?
A11: Support delivery and records | B11: D1 | C11: Do support records show the date, time, length and what was done, linked to the support plan?
A12: Support delivery and records | B12: D2 | C12: Are records written on the day, by the person who delivered the support?
A13: Support delivery and records | B13: D3 | C13: Do managers check a sample of records every month?
A14: Safeguarding and risk | B14: G1 | C14: Is there a safeguarding policy with a named lead, and have all staff been trained on it in the last 12 months?
A15: Safeguarding and risk | B15: G2 | C15: Is every safeguarding concern and incident logged, with who was told and what happened next?
A16: Safeguarding and risk | B16: G3 | C16: Do you get and record risk information before accepting a referral?
... A32: Licensing preparation | B32: L4 | C32: Have you contacted your council's supported housing team about its strategy and licensing plans?

Sheet Summary
A1: Readiness summary
A2: Score = (2 for each Yes + 1 for each Partly) divided by twice the number of items.
A4: Area | B4: Yes | C4: Partly | D4: No | E4: Not sure | F4: Items | G4: Score /100
A5: Structure and eligibility | B5: =COUNTIF(Checklist!$D$5:$D$7,"Yes") | C5: =COUNTIF(Checklist!$D$5:$D$7,"Partly") | D5: =COUNTIF(Checklist!$D$5:$D$7,"No") | E5: =COUNTIF(Checklist!$D$5:$D$7,"Not sure") | F5: 3 | G5: =ROUND((2*B5+C5)/(2*F5)*100,0)
A6: Needs assessment and planning | B6: =COUNTIF(Checklist!$D$8:$D$10,"Yes") | C6: =COUNTIF(Checklist!$D$8:$D$10,"Partly") | D6: =COUNTIF(Checklist!$D$8:$D$10,"No") | E6: =COUNTIF(Checklist!$D$8:$D$10,"Not sure") | F6: 3 | G6: =ROUND((2*B6+C6)/(2*F6)*100,0)
A7: Support delivery and records | B7: =COUNTIF(Checklist!$D$11:$D$13,"Yes") | C7: =COUNTIF(Checklist!$D$11:$D$13,"Partly") | D7: =COUNTIF(Checklist!$D$11:$D$13,"No") | E7: =COUNTIF(Checklist!$D$11:$D$13,"Not sure") | F7: 3 | G7: =ROUND((2*B7+C7)/(2*F7)*100,0)
A8: Safeguarding and risk | B8: =COUNTIF(Checklist!$D$14:$D$16,"Yes") | C8: =COUNTIF(Checklist!$D$14:$D$16,"Partly") | D8: =COUNTIF(Checklist!$D$14:$D$16,"No") | E8: =COUNTIF(Checklist!$D$14:$D$16,"Not sure") | F8: 3 | G8: =ROUND((2*B8+C8)/(2*F8)*100,0)
A9: Property and safety | B9: =COUNTIF(Checklist!$D$17:$D$19,"Yes") | C9: =COUNTIF(Checklist!$D$17:$D$19,"Partly") | D9: =COUNTIF(Checklist!$D$17:$D$19,"No") | E9: =COUNTIF(Checklist!$D$17:$D$19,"Not sure") | F9: 3 | G9: =ROUND((2*B9+C9)/(2*F9)*100,0)
A10: Rent and service charges | B10: =COUNTIF(Checklist!$D$20:$D$22,"Yes") | C10: =COUNTIF(Checklist!$D$20:$D$22,"Partly") | D10: =COUNTIF(Checklist!$D$20:$D$22,"No") | E10: =COUNTIF(Checklist!$D$20:$D$22,"Not sure") | F10: 3 | G10: =ROUND((2*B10+C10)/(2*F10)*100,0)
A11: Governance and staffing | B11: =COUNTIF(Checklist!$D$23:$D$25,"Yes") | C11: =COUNTIF(Checklist!$D$23:$D$25,"Partly") | D11: =COUNTIF(Checklist!$D$23:$D$25,"No") | E11: =COUNTIF(Checklist!$D$23:$D$25,"Not sure") | F11: 3 | G11: =ROUND((2*B11+C11)/(2*F11)*100,0)
A12: Resident voice and outcomes | B12: =COUNTIF(Checklist!$D$26:$D$28,"Yes") | C12: =COUNTIF(Checklist!$D$26:$D$28,"Partly") | D12: =COUNTIF(Checklist!$D$26:$D$28,"No") | E12: =COUNTIF(Checklist!$D$26:$D$28,"Not sure") | F12: 3 | G12: =ROUND((2*B12+C12)/(2*F12)*100,0)
A13: Licensing preparation | B13: =COUNTIF(Checklist!$D$29:$D$32,"Yes") | C13: =COUNTIF(Checklist!$D$29:$D$32,"Partly") | D13: =COUNTIF(Checklist!$D$29:$D$32,"No") | E13: =COUNTIF(Checklist!$D$29:$D$32,"Not sure") | F13: 4 | G13: =ROUND((2*B13+C13)/(2*F13)*100,0)
A15: Overall | B15: =SUM(B5:B13) | C15: =SUM(C5:C13) | D15: =SUM(D5:D13) | E15: =SUM(E5:E13) | F15: =SUM(F5:F13) | G15: =ROUND((2*B15+C15)/(2*F15)*100,0)
